file	name	kind	old	new
skse64/GameReferences.cpp	CreateRefHandleByREFR	Addr	0x00179050	0x0017E640
skse64/GameReferences.cpp	LookupREFRByHandle	Addr	0x001795F0	0x0017EBE0
skse64/GameReferences.cpp	LookupREFRObjectByHandle	Addr	0x00179710	0x0017ED00
skse64/GameEvents.cpp	GetEventDispatcherList	Addr	0x001D5230	0x001DA8F0
skse64/GameForms.cpp	LookupFormByID	Addr	0x001E01A0	0x001E5860
skse64/GameForms.cpp	LookupFormByEditorID	Addr	0x001E0370	0x001E5A30
skse64/GameData.cpp	UpdateHarvestModel	Addr	0x001E9450	0x001EEB10
skse64/GameForms.cpp	GetFormWeight_Address	Addr	0x001EE0F0	0x001F37B0
skse64/ObScript.cpp	ObScript_ExtractArgs	Addr	0x0033E640	0x00344CA0
skse64/GameData.cpp	GetLeftHandSlot	Addr	0x00388970	0x0038FA30
skse64/GameData.cpp	GetRightHandSlot	Addr	0x00388980	0x0038FA40
skse64/GameData.cpp	GetEitherHandSlot	Addr	0x00388990	0x0038FA50
skse64/Hooks_Gameplay.cpp	kHook_BGSKeyword_Base	Addr	0x0038ACF0	0x00391DB0
skse64/GameData.cpp	GetRelationshipIndex	Addr	0x0039DD40	0x003A4E00
skse64/GameData.cpp	GetActorBaseOverlays	Addr	0x003C1C40	0x003C8D00
skse64/GameData.cpp	GetNumActorBaseOverlays	Addr	0x003C1CD0	0x003C8D90
skse64/GameData.cpp	ApplyMasksToRenderTarget	Addr	0x00435110	0x0043C530
skse64/GameData.cpp	UpdateModelFace	Addr	0x00435C50	0x0043D080
skse64/GameData.cpp	ChangeActorHeadPart	Addr	0x004362B0	0x0043D6E0
skse64/GameData.cpp	UpdateModelSkin	Addr	0x004365E0	0x0043DA10
skse64/GameData.cpp	UpdateModelHair	Addr	0x004366F0	0x0043DB20
skse64/GameData.cpp	LookupActorValueByName	Addr	0x0043BEA0	0x00443320
skse64/Hooks_Camera.cpp	kInstallCameraHook_Base	Addr	0x005511C0	0x00558F90
skse64/Hooks_SaveLoad.cpp	DeleteSaveGame_Enter	Addr	0x00601CA7	0x006143D7
skse64/Hooks_SaveLoad.cpp	DeleteSaveGame_Enter2	Addr	0x00601D17	0x00614447
skse64/Hooks_SaveLoad.cpp	SaveGame_HookTarget_Enter	Addr	0x0060FFF3	0x00622843
skse64/Hooks_SaveLoad.cpp	LoadGame_HookTarget_Enter	Addr	0x0061564F	0x00627ECF
skse64/GameMenus.cpp	CreateUIMessageData	Addr	0x0061BBA0	0x0062E440
skse64/Hooks_Event.cpp	PlayerControls_ctor_Call	Addr	0x0063F8CA	0x00651FFA
skse64/Hooks_Scaleform.cpp	kCtor_Base	Ptr	0x00640EC1	0x006535F1
skse64/Hooks_Data.cpp	LoadScripts_Enter	Addr	0x00642FC7	0x00655717
skse64/Hooks_SaveLoad.cpp	ProcessEvents_Enter	Addr	0x00645F3A	0x006586AA
skse64/Hooks_Threads.cpp	ProcessTasks_HookTarget_Enter	Addr	0x00646A3C	0x006591AC
skse64/Hooks_Threads.cpp	ProcessTasks_HookTarget_Enter2	Addr	0x006479FC	0x0065A17C
skse64/Hooks_NetImmerse.cpp	UpdateEquipment_Enter	Addr	0x007270A7	0x00739977
skse64/Hooks_Gameplay.cpp	kHook_Crosshair_LookupREFRByHandle_Enter	Addr	0x00744EB8	0x00757898
skse64/Hooks_Gameplay.cpp	kHook_ContainerMode_Base	Addr	0x008FC720	0x00912480
skse64/Hooks_Scaleform.cpp	kSetData_Base	Addr	0x00901E20	0x00917B80
skse64/Hooks_Scaleform.cpp	kExtendCategoryArgs_Base	Addr	0x0090F720	0x00925540
skse64/Hooks_Scaleform.cpp	kSetItemData_Base	Addr	0x009170E0	0x0092D170
skse64/Hooks_Scaleform.cpp	kSetMagicData_Base	Addr	0x009180F0	0x0092E180
skse64/Hooks_Scaleform.cpp	kSetVampireData_Base	Addr	0x00918380	0x0092E410
skse64/Hooks_Scaleform.cpp	kCtorHookAddress	Addr	0x0093FEB7	0x00956627
skse64/Hooks_SaveLoad.cpp	NewGame_Enter	Addr	0x009426F9	0x00958F59
skse64/GameData.cpp	UpdatePlayerTints	Addr	0x00954AE0	0x0096BC10
skse64/ScaleformCallbacks.cpp	PlaySoundCallback	Addr	0x0097A9B0	0x00991BA0
skse64/Hooks_Gameplay.cpp	kHook_MapMenuMouseWheel_Enter	Addr	0x0097D627	0x00994957
skse64/Hooks_Gameplay.cpp	kHook_ShowVersion_Offset	Addr	0x0098F288	0x009A6788
skse64/Hooks_Scaleform.cpp	UIOpenJournalMenu	Addr	0x00995720	0x009ACD90
skse64/GameData.cpp	HasLOS	Addr	0x009BA120	0x009D1790
skse64/Hooks_Papyrus.cpp	RegisterPapyrusFunctions_Start	Addr	0x009BEB53	0x009D61C3
skse64/Hooks_Papyrus.cpp	UnregisterFromSleep_Enter	Addr	0x009C31EB	0x009DA8DB
skse64/Hooks_Papyrus.cpp	RevertGlobalData_Enter	Addr	0x009CA092	0x009E1A62
skse64/Hooks_Papyrus.cpp	RevertGlobalData_Enter2	Addr	0x009CA838	0x009E2208
skse64/Hooks_Papyrus.cpp	SaveRegsSleep_Enter	Addr	0x009CCE80	0x009E4890
skse64/Hooks_Papyrus.cpp	LoadRegsSleep_Enter	Addr	0x009CDECB	0x009E58DB
skse64/Hooks_Papyrus.cpp	kDFQueueHook_Base	Addr	0x009D0180	0x009E7B90
skse64/Hooks_Papyrus.cpp	RegisterPapyrusFunctions	Addr	0x00A19B20	0x00A32340
skse64/GameReferences.cpp	AddItem_Native	Addr	0x00A2C110	0x00A44950
skse64/GameReferences.cpp	PlaceAtMe_Native	Addr	0x00A2E330	0x00A46B80
skse64/GameReferences.cpp	MoveRefrToPosition	Addr	0x00A447F0	0x00A5D110
skse64/GameUtilities.cpp	CalculateCRC32_32	Addr	0x00CC83E0	0x00CE2310
skse64/GameUtilities.cpp	CalculateCRC32_64	Addr	0x00CC8460	0x00CE2390
skse64/NiObjects.cpp	NiAllocate	Addr	0x00CE7DD0	0x00EAC530
skse64/NiObjects.cpp	NiFree	Addr	0x00CE8070	0x00EAC7D0
skse64/NiObjects.cpp	WorldPtToScreenPt3_Internal	Addr	0x00D2C780	0x00EF0F20
skse64/NiGeometry.cpp	CreateBSTriShape	Addr	0x00D2D730	0x00EF1ED0
skse64/NiTextures.cpp	CreateSourceTexture	Addr	0x00D2F140	0x00EF38E0
skse64/NiGeometry.cpp	BSDismemberSkinInstance_Create	Addr	0x00D31970	0x00EF6140
skse64/NiGeometry.cpp	CreateBSDynamicTriShape	Addr	0x00D38A20	0x00EFD210
skse64/Hooks_NetImmerse.cpp	CreateRenderTarget	Addr	0x00E4FBB0	0x010151C0
skse64/Hooks_UI.cpp	ProcessEventQueue_HookTarget_Enter	Addr	0x00FA4A55	0x0116A575
skse64/Hooks_Scaleform.cpp	kInstallHooks_Enter	Addr	0x00FB02ED	0x0116FD1D
skse64/ScaleformAPI.cpp	InvokeFunction	Addr	0x00FBE900	0x0117A770
skse64/ScaleformAPI.cpp	GFxAllocateHeap	Addr	0x0102FBD0	0x0117E120
skse64/NiTextures.cpp	LoadTexture	Addr	0x01480030	0x014EBE40
skse64/NiMaterial.cpp	CreateShaderMaterial	Addr	0x014B7F70	0x01524110
skse64/NiMaterial.cpp	CreateFacegenTintMaterial	Addr	0x014BAA70	0x01526C30
skse64/GameObjects.cpp	BSShaderTextureSet_Create	Addr	0x014CF0B0	0x0153B2C0
skse64/GameRTTI.cpp	Runtime_DynamicCast_Internal	Addr	0x0153CF2A	0x015A957A
skse64/GameExtraData.cpp	s_ExtraOwnershipVtbl	Ptr	0x01770830	0x017E9AD8
skse64/GameExtraData.cpp	s_ExtraRankVtbl	Ptr	0x01770870	0x017E9B18
skse64/GameExtraData.cpp	s_ExtraCountVtbl	Ptr	0x01770890	0x017E9B38
skse64/GameExtraData.cpp	s_ExtraCannotWearVtbl	Ptr	0x017708F0	0x017E9B98
skse64/GameExtraData.cpp	s_ExtraHealthVtbl	Ptr	0x01770910	0x017E9BB8
skse64/GameExtraData.cpp	s_ExtraChargeVtbl	Ptr	0x01770970	0x017E9C18
skse64/GameExtraData.cpp	s_ExtraHotkeyVtbl	Ptr	0x017709D0	0x017E9C78
skse64/GameExtraData.cpp	s_ExtraReferenceHandleVtbl	Ptr	0x01770A10	0x017E9CB8
skse64/GameExtraData.cpp	s_ExtraEnchantmentVtbl	Ptr	0x01770D30	0x017E9FD8
skse64/GameExtraData.cpp	s_ExtraAliasInstanceArrayVtbl	Ptr	0x01771250	0x017EA4F8
skse64/GameExtraData.cpp	s_ExtraTextDisplayVtbl	Ptr	0x01771390	0x017EA638
skse64/GameExtraData.cpp	s_ExtraForcedTargetVtbl	Ptr	0x01771410	0x017EA6B8
skse64/GameExtraData.cpp	s_ExtraUniqueIdVtbl	Ptr	0x01771450	0x017EA6F8
skse64/GameExtraData.cpp	s_ExtraSoulVtbl	Ptr	0x017740E0	0x017ED390
skse64/Hooks_Gameplay.cpp	g_gameVersion	Addr	0x01789090	0x01802510
skse64/NiExtraData.cpp	s_BSFaceGenBaseMorphExtraDataVtbl	Addr	0x01846338	0x018C02A0
skse64/Hooks_Handlers.cpp	WeaponRightSwingHandler_Vtable	Addr	0x018B98A8	0x01937E28
skse64/Hooks_Handlers.cpp	WeaponLeftSwingHandler_Vtable	Addr	0x018B98C0	0x01937E40
skse64/Hooks_Handlers.cpp	LeftHandSpellFireHandler_Vtable	Addr	0x018B9938	0x01937EB8
skse64/Hooks_Handlers.cpp	RightHandSpellFireHandler_Vtable	Addr	0x018B9950	0x01937ED0
skse64/Hooks_Handlers.cpp	VoiceSpellFireHandler_Vtable	Addr	0x018B9968	0x01937EE8
skse64/Hooks_Handlers.cpp	LeftHandSpellCastHandler_Vtable	Addr	0x018B9980	0x01937F00
skse64/Hooks_Handlers.cpp	RightHandSpellCastHandler_Vtable	Addr	0x018B9998	0x01937F18
skse64/Hooks_Handlers.cpp	VoiceSpellCastHandler_Vtable	Addr	0x018B99B0	0x01937F30
skse64/Hooks_Handlers.cpp	WeaponBeginDrawRightHandler_Vtable	Addr	0x018B99C8	0x01937F48
skse64/Hooks_Handlers.cpp	WeaponBeginSheatheRightHandler_Vtable	Addr	0x018B99E0	0x01937F60
skse64/Hooks_Handlers.cpp	RightHandWeaponDrawHandler_Vtable	Addr	0x018B99F8	0x01937F78
skse64/Hooks_Handlers.cpp	RightHandWeaponSheatheHandler_Vtable	Addr	0x018B9A10	0x01937F90
skse64/Hooks_Handlers.cpp	BowDrawnHandler_Vtable	Addr	0x018B9CE0	0x01938260
skse64/Hooks_Handlers.cpp	BowReleaseHandler_Vtable	Addr	0x018B9CF8	0x01938278
skse64/NiExtraData.cpp	s_NiStringsExtraDataVtbl	Addr	0x019ACFB0	0x01A48380
skse64/NiExtraData.cpp	s_NiBinaryExtraDataVtbl	Addr	0x019B1890	0x01A4CC60
skse64/NiExtraData.cpp	s_NiBooleanExtraDataVtbl	Addr	0x019B1A48	0x01A4CE18
skse64/NiGeometry.cpp	s_NiTriShapeVtbl	Ptr	0x019B3A70	0x01A4EE40
skse64/NiGeometry.cpp	s_NiTriStripsVtbl	Ptr	0x019B4028	0x01A4F3F8
skse64/GameData.cpp	g_relationshipRanks	Ptr	0x01E66FE8	0x0209A548
skse64/GameSettings.cpp	g_mapLocalHeight	Ptr	0x01FD6F58	0x02079F58
skse64/GameData.cpp	g_defaultObjectList	Ptr	0x01FD8F50	0x0207BF40
skse64/ObScript.cpp	g_firstObScriptCommand	Ptr	0x01FDBA10	0x0207EA90
skse64/ObScript.cpp	g_firstConsoleCommand	Ptr	0x01FEA0B0	0x0208D130
skse64/GameData.cpp	g_facePresetList	Ptr	0x01FF9470	0x0209C860
skse64/GameResources.cpp	g_FaceGenTriDatabase_InvalidEntry	Ptr	0x02012FA8	0x020B6390
skse64/GameSettings.cpp	g_localMapMinFrustumWidth	Ptr	0x02018D80	0x020BC358
skse64/GameForms.cpp	g_BGSDefaultObjectManager	Ptr	0x020F5600	0x0219D180
skse64/GameData.cpp	g_actorValueList	Ptr	0x020F6310	0x0219DEC8
skse64/GameData.cpp	g_dataHandler	Ptr	0x020F6320	0x0219DED8
skse64/NiNodes.cpp	addr	Addr	0x020F6370	0x0219DF30
skse64/GameReferences.cpp	g_invalidRefHandle	Ptr	0x020F699C	0x0219E55C
skse64/GameData.cpp	g_persistentFormManager	Ptr	0x020F69C8	0x0219E588
skse64/GameMenus.h	g_menuManager	Ptr	0x020F6A00	0x0219E5C0
skse64/GameData.cpp	g_faceGen	Ptr	0x020F6A20	0x0219E5E0
skse64/GameMenus.h	g_UIManager	Ptr	0x020F8950	0x021A05C0
skse64/GameMenus.h	g_UIStringHolder	Ptr	0x020F8958	0x021A05C8
skse64/PapyrusVM.cpp	g_skyrimVM	Ptr	0x020FBA70	0x021A36E0
skse64/BSModelDB.cpp	g_TESProcessor	Ptr	0x020FBB00	0x021A3780
skse64/GameForms.h	kFactoryList	Ptr	0x020FBB90	0x021A3810
skse64/GameData.cpp	g_equipManager	Ptr	0x030FC678	0x031A42F8
skse64/GameData.cpp	g_MiscStatManager	Ptr	0x030FD318	0x031A4F98
skse64/GameSettings.cpp	g_gameSettingCollection	Ptr	0x030FD6F0	0x031A5370
skse64/GameCamera.h	g_playerCamera	Ptr	0x030FD7F8	0x031A5478
skse64/GameInput.cpp	g_inputManager	Ptr	0x030FDA10	0x031A5690
skse64/GameInput.cpp	g_playerControls	Ptr	0x030FDA18	0x031A5698
skse64/GameData.cpp	g_MenuTopicManager	Ptr	0x03137778	0x031DF408
skse64/GameAPI.cpp	g_console	Ptr	0x03137EE0	0x031DFB70
skse64/GameInput.cpp	g_menuControls	Ptr	0x031380E8	0x031DFD78
skse64/GameReferences.cpp	g_crosshairRefHandleHolder	Ptr	0x03138ED0	0x031E0B70
skse64/GameResources.cpp	g_FaceGenTriDatabase	Ptr	0x031394E0	0x031E1180
skse64/GameInput.h	g_inputStringHolder	Ptr	0x0315CC30	0x032048D0
skse64/GameInput.cpp	g_inputEventDispatcher	Ptr	0x0315CEA0	0x03204B30
skse64/GameData.cpp	g_MagicFavorites	Ptr	0x0317ABE0	0x03223E50
skse64/GameData.cpp	g_saveLoadManager	Ptr	0x0317ABF0	0x03223E60
skse64/GameAPI.cpp	g_main	Ptr	0x031872C0	0x03230530
skse64/GameAPI.cpp	g_thePlayer	Ptr	0x031874F8	0x03230778
skse64/GameMenus.h	g_inventory3DManager	Ptr	0x03187778	0x032309F8
skse64/GameThreads.cpp	g_taskPool	Ptr	0x031993A0	0x03242650
skse64/GameAPI.cpp	g_consoleHandle	Ptr	0x031ACD74	0x0325606C
skse64/Hooks_Gameplay.cpp	g_containerMode	Ptr	0x031ACDB8	0x032560B8
skse64/NiObjects.cpp	g_worldToCamMatrix	Ptr	0x031AD3A0	0x032566D0
skse64/GameData.cpp	g_gameTime	Addr	0x031CC290	0x03275610
skse64/GameSettings.cpp	g_iniPrefSettingCollection	Ptr	0x031CC390	0x03275710
skse64/NiRenderer.cpp	g_shaderResourceManager	Ptr	0x03274040	0x0331D7C0
skse64/GameSettings.cpp	g_iniSettingCollection	Ptr	0x0327E0E0	0x03327860
skse64/NiRenderer.cpp	g_renderManager	Ptr	0x032887C0	0x03331F40
skse64/Hooks_NetImmerse.cpp	g_tintTextureWidth	Ptr	0x0328C024	0x033357A4
skse64/Hooks_NetImmerse.cpp	g_tintTextureHeight	Ptr	0x0328C028	0x033357A8
skse64/ScaleformAPI.cpp	g_scaleformHeap	Ptr	0x03292490	0x03275AE0
skse64/PapyrusInterfaces.cpp	g_objectHandlePolicy	Ptr	0x03329D50	0x033D3750
skse64/GameAPI.cpp	g_TlsIndexPtr	Ptr	0x035F0878	0x0369A278
skse64/ScaleformLoader.cpp	g_GFxLoader	Ptr	0x035F11C8	0x0369B060
skse64/GameAPI.cpp	g_mainHeap	Ptr	0x035F11E0	0x0369A810
